id;nombre;apellidos;dni;direccion;email;es_piloto;horas_de_vuelo
1;Jordania monetize Reducido;generating Lituania Pelota;"27410548L";facilitate;"K,Etlp@u36V.o*(";true;74404
2;TerrenosXX;deposit Subida;"58902676A";Juguetería Joyería Funcionario;"=FZ6K>@c#..y|";false;23666
3;infomediaries Teclado;applications bypassing;"68743804W";Decoración;"vJz@>7.Diz;t4";false;64636
4;País protocol Arrabal;MasíaXXXXX;"63077026N";Gorro;"0`@#sgKY$.=L";true;67778
5;Bangladesh Contabilidad;vía capacitor;"11251154X";Deportes Account Negro;"xpLD@4z.{>xJ?F";false;76887
6;AceroXXXXX;Senda Cambridgeshire;"02410612N";primary solutions;"X|uCU@0<..Jf{RPD";false;49346
7;Bedfordshire USB Mauritius;servidorXX;"88216271H";enable backing architect;"]+@;pR.\LKqAO";false;17678
8;RamalXXXXX;FactoresXX;"45805761A";Andalucía Unidos;">%hJX=@Zf3.8ajX";false;54492
9;Pakistan Azerbayán Región;USBXXXXXXX;"82537179J";copy;"_@p>BC.J\+";false;85487
10;Granito Jordania;Salchichas Sopa;"24595366C";Camiseta Electrónica;"_\&y!l@_s1d:j.v3";true;84431
