id;nombre;apellidos;dni;direccion;email
1;NacionalXX;withdrawal Seguridada Amarillo;"19587286A";Parcela Madera digital;"8@^u*,>.|J"
2;Cape interface JBOD;payment Asistente ROI;"41158984P";Edificio Oficial;"#L5cj@n/XY.U"
3;Loan invoice;funcionalidad Polígono Metal;"48155785K";Sincronizado Implementación;"W60@y~a.6CGVb"
4;Música index acceso;Toallas Multi Subida;"29522254W";EjecutivoX;"g@o6dGB.16{"
5;compress generating;withdrawal Contabilidad;"75356325Q";quantifying;"f@(.n8"
6;Queso Sorprendente;extensible Parcela;"51616402T";hapticXXXX;"v50w_@WlH|.:AgK~"
7;SaludXXXXX;CentralXXX;"44793329H";alarmXXXXX;"lCOMG@1J2;k.P[90s"
8;transmitter vortals;Fantástico;"50349009Z";backing redefine Consultor;",@+N.z}}ij\"
9;withdrawal;AGP Asistente;"72457079L";BordersXXX;"C@J.-^k"
10;CheckingXX;Navarra Zapatos;"02043620P";copy División Cliente;"ux}@/w$.."
